46,Assembly language,,,1947,Assembly language
483,Plankalkül,"[Begriffsschrift]","[Superplan,  ALGOL 58]",1948,Plankalkül
569,Short Code,"[ENIAC Short Code]","[Intermediate programming language, OMNIBAC Symbolic Assembler]",1950,Short Code (computer language)
216,G-code,,,1950,G-code
610,Superplan,"[Plankalkül]","[ALGOL 58]",1951,Superplan
593,Speedcoding,"[Assembly language, machine code, Influenced, Fortran, ALGOL 58, BASIC, C, PL/I, PACT I, MUMPS, Ratfor]","[Fortran, ALGOL 58, BASIC, C, PL/I, PACT I, MUMPS, Ratfor]",1953,Speedcoding
198,FLOW-MATIC,"[ARITH-MATIC, Laning and Zierler system]","[MATH-MATIC, AIMACO, COBOL]",1955,FLOW-MATIC
42,APT ,,,1956,APT (programming language)
360,MATH-MATIC,"[FLOW-MATIC]","[UNICODE]",1957,MATH-MATIC
110,COMIT,,"[SNOBOL]",1957,COMIT
115,COMTRAN,"[FLOW-MATIC]","[COBOL]",1957,COMTRAN
205,Fortran,"[Speedcoding]","[ALGOL 58, BASIC, C, Chapel, CMS-2, DOPE, Fortress, PL/I, PACT I, MUMPS, IDL, Ratfor]",1957,Fortran
326,Lisp ,"[IPL]","[CLIPS, CLU, COWSEL, Dylan, Elixir, Forth, Haskell, Io, Ioke, JavaScript, Julia, Logo, Lua, ML, Nim, Nu, OPS5, Perl, POP-2/11, Python, R, Rebol, Ruby, Scala, Swift, Smalltalk, Tcl, Wolfram Language]",1958,Lisp (programming language)
25,ALGOL 58,"[FORTRAN, IT, Plankalkül, Superplan, Sequentielle Formelübersetzung]",,1958,ALGOL 58
350,MAD ,"[IAL, ALGOL 58]",,1959,MAD (programming language)
104,COBOL,"[AIMACO, COMTRAN, FACT, FLOW-MATIC, C++, Eiffel, Smalltalk]","[CobolScript, EGL, PL/I, PL/B]",1959,COBOL
538,IBM RPG,"[9PAC, FARGO]",,1959,IBM RPG
349,MAD ,"[IAL, ALGOL 58]",,1959,MAD (programming language)
229,MAD ,"[IAL, ALGOL 58]",,1959,MAD (programming language)
263,IBM RPG,"[9PAC, FARGO]",,1959,IBM RPG
286,JOVIAL,"[ALGOL, SAGE]","[CMS-2, Coral 66, SYMPL]",1960,JOVIAL
26,ALGOL 60,"[ALGOL 58]","[Simula, CPL, Pascal, Ada, C]",1960,ALGOL 60
325,Language H,"[COBOL]",,1962,Language H
584,SNOBOL,"[COMIT, Influenced, AWK, SL5, Icon, bs, Lua]","[AWK, SL5, Icon, bs, Lua]",1962,SNOBOL
574,Simula,"[ALGOL 60, Simscript]","[All subsequent object-oriented programming languages]",1962,Simula
622,TECO ,,,1962,TECO (text editor)
123,CPL ,"[ALGOL 60]","[BCPL, POP-2]",1963,CPL (programming language)
284,JOSS,,"[TELCOMP, CAL, FOCAL, MUMPS]",1963,JOSS
627,TMG ,,,1963,TMG (language)
476,PL/I,"[COBOL, Fortran, ALGOL 60]","[Control Language, PL/M, PL/S, PL-6, PL/8,  REXX]",1964,PL/I
155,PL/I,"[COBOL, Fortran, ALGOL 60]","[Control Language, PL/M, PL/S, PL-6, PL/8,  REXX]",1964,PL/I
632,TRAC ,"[Macro SAP]","[SAM76, ML/I]",1964,TRAC (programming language)
57,BASIC,"[ALGOL 60, FORTRAN II, JOSS]","[COMAL, Visual Basic, Visual Basic .NET, GRASS]",1964,BASIC
122,COWSEL,"[CPL, Lisp]","[POP-2]",1964,COWSEL
120,CORAL,"[ALGOL, JOVIAL, Fortran]",,1964,CORAL
342,LYaPAS,,,1964,LYaPAS
452,P′′,,"[Brainfuck]",1964,P′′
623,TELCOMP,"[JOSS]","[MUMPS]",1965,TELCOMP
176,Euler ,"[ALGOL 60]",,1965,Euler (programming language)
159,Edinburgh IMP,"[ALGOL 60, Atlas Autocode]",,1966,Edinburgh IMP
172,Executive Systems Problem Oriented Language,"[ALGOL 60]","[NEWP]",1966,Executive Systems Problem Oriented Language
392,MUMPS,"[JOSS]","[PSL, Caché ObjectScript, GT.M]",1966,MUMPS
481,PL360,"[ALGOL]","[ALGOL W]",1966,PL360
28,ALGOL W,"[ALGOL 60]","[Pascal, Modula-2]",1966,ALGOL W
39,APL ,,"[A, A+, C++, FP, J, K, MATLAB, Nial, PPL, Python, q , S, Speakeasy, Wolfram Language]",1966,APL (programming language)
60,BCPL,"[CPL]","[B, C, Go]",1967,BCPL
425,Logo ,"[Lisp]","[AgentSheets, NetLogo, Smalltalk, Etoys, Scratch, Microsoft Small Basic, KTurtle, REBOL, Boxer]",1967,Logo (programming language)
331,Logo ,"[Lisp]","[AgentSheets, NetLogo, Smalltalk, Etoys, Scratch, Microsoft Small Basic, KTurtle, REBOL, Boxer]",1967,Logo (programming language)
103,CMS-2,"[CS-1, Fortran, JOVIAL and PL/I]",,1968,CMS-2
534,Refal,,,1968,Refal
35,Аналитик,"[ALMIR-65]","[Analitik-74, Analitik-2007, Analitik-2010]",1968,Аналитик
633,TTM ,"[GAP, GPM, TRAC]",,1968,TTM (programming language)
199,FOCAL ,"[JOSS]","[BASIC-PLUS]",1968,FOCAL (programming language)
27,ALGOL 68,"[ALGOL 60, ALGOL Y]","[C, C++, Bourne shell, KornShell, Bash, Steelman, Ada, Python, Seed7, Mary, S3]",1968,ALGOL 68
53,B ,"[BCPL, PL/I, TMG]","[C]",1969,B (programming language)
484,Planner ,,"[Prolog]",1969,Planner (programming language)
568,SETL,"[ALGOL 60]","[SETL2, ISETL, SETLX, ABC]",1969,SETL
638,TUTOR,,"[TenCORE, USE]",1969,TUTOR
204,Forth ,,"[Factor, Joy, PostScript, RPL, REBOL]",1970,Forth (programming language)
358,MATLAB,"[APL, EISPACK, LINPACK, PL/0, Speakeasy]","[Julia, Octave, Scilab, INTLAB]",1970,MATLAB
475,PL/C,"[PL/I, CUPL]",,1970,PL/C
455,Pascal ,"[ALGOL W, Simula 67]","[Ada, C/AL, Component Pascal, Go, Java, Modula, Modula-2, Modula-3, Oberon, Oberon-2, Object Pascal, Oxygene, Power Fx, Seed7, Standard ML, VHDL, Structured text]",1970,Pascal (programming language)
485,PLEX ,,"[Erlang]",1970,PLEX (programming language)
175,Euclid ,"[Pascal]","[Mesa, Concurrent Euclid, Turing]",1970,Euclid (programming language)
63,BLISS,"[ALGOL]",,1970,BLISS
145,DIBOL,"[BASIC, Fortran, COBOL]",,1970,DIBOL
367,MDL ,"[Lisp]","[ZIL, Planner, Scheme, Common Lisp, Java, Prolog, Smalltalk; actor model, interactive fiction]",1971,MDL (programming language)
54,Babbage ,,"[BCPL]",1971,Babbage (programming language)
357,Mary ,"[ALGOL 68]",,1971,Mary (programming language)
553,SAS ,,,1972,SAS (software)
501,Prolog,"[Planner]","[CHR, Clojure, Datalog, Erlang, KL0, KL1, Logtalk, Mercury, Oz, Strand, Visual Prolog, XSB]",1972,Prolog
580,Smalltalk,"[Lisp, Simula, Euler, IMP, Planner, Logo, Sketchpad, ARPAnet, Burroughs B5000, Influenced, AppleScript, Common Lisp Object System, Dart, Dylan, Erlang, Etoys, Go, Groovy, Io, Ioke, Java, Lasso, Logtalk, Newspeak, NewtonScript, Object REXX, Objective-C, PHP 5, Python, Raku, Ruby, Scala, Scratch, Self, Swift]","[AppleScript, Common Lisp Object System, Dart, Dylan, Erlang, Etoys, Go, Groovy, Io, Ioke, Java, Lasso, Logtalk, Newspeak, NewtonScript, Object REXX, Objective-C, PHP 5, Python, Raku, Ruby, Scala, Scratch, Self, Swift]",1972,Smalltalk
554,SASL ,"[ISWIM]","[KRC, Miranda, Haskell]",1972,SASL (programming language)
69,C ,"[B, ALGOL 68, assembly, PL/I, FORTRAN]","[AMPL, AWK, csh, C++, C--, C#, Objective-C, D, Go, Java, JavaScript, JS++, Julia, Limbo, LPC, Perl, PHP, Pike, Processing, Python, Rust, Seed7, Vala, Verilog, Nim, Zig]",1972,C (programming language)
541,RTL/2,"[ALGOL 68]",,1972,RTL/2
474,Programming Language for Business,"[COBOL]",,1972,Programming Language for Business
477,PL/M,"[ALGOL, PL/I, XPL]",,1973,PL/M
379,ML ,"[ISWIM]","[Clojure, Coq, Cyclone, C++, Elm, F#, F*, Haskell, Idris, Kotlin, Miranda, Nemerle, OCaml, Opa, Erlang, Rust, Scala, Standard ML]",1973,ML (programming language)
595,SP/k,"[PL/I, Influenced, Turing]","[Turing]",1974,SP/k
597,SQL,"[Datalog, Influenced, CQL, LINQ, SPARQL, SOQL, PowerShell, JPQL, jOOQ, N1QL]","[CQL, LINQ, SPARQL, SOQL, PowerShell, JPQL, jOOQ, N1QL]",1974,SQL
162,ELAN ,"[ALGOL 68]",,1974,ELAN (programming language)
562,sed,"[ed]","[Perl, AWK]",1974,sed
413,Nord Programming Language,,,1974,Nord Programming Language
383,Modula,"[Pascal]","[Alma-0, Go, Modula-2]",1975,Modula
558,Scheme ,"[ALGOL, Lisp, MDL]","[Clojure, Common Lisp, Dylan, EuLisp, Haskell, Hop, JavaScript, Julia, Lua, MultiLisp, Python, R, Racket, Ruby, Rust, S, Scala, T]",1975,Scheme (programming language)
102,CLU ,"[ALGOL 60, Lisp, Simula, Alphard]","[Ada, Argus, C++, Lua, Python, Ruby, Sather, Swift]",1975,CLU (programming language)
59,bc ,,,1975,bc (programming language)
109,COMAL,"[BASIC, Pascal]",,1975,COMAL
528,Ratfor,"[Fortran, C]",,1976,Ratfor
487,Plus ,"[SUE, Pascal]",,1976,Plus (programming language)
369,Mesa ,"[ALGOL]","[Java, Modula-2, Cedar, PostScript]",1976,Mesa (programming language)
544,S ,"[C, APL, PPL, Fortran]",,1976,S (programming language)
302,KRL ,,"[KM]",1976,KRL (programming language)
340,Lucid ,"[ISWIM]","[SISAL, PureData, Lustre]",1976,Lucid (programming language)
691,Lisp Machine Lisp,"[Lisp, Maclisp, Interlisp]","[Common Lisp]",1976,Lisp Machine Lisp
527,Ratfor,"[Fortran, C]",,1976,Ratfor
264,IDL ,,,1977,IDL (programming language)
207,FP ,"[APL]","[FL, Haskell]",1977,FP (programming language)
643,UCSD Pascal,,,1977,UCSD Pascal
346,m4 ,,,1977,m4 (computer language)
189,FP ,"[APL]","[FL, Haskell]",1977,FP (programming language)
259,Icon ,"[SNOBOL, SL5, ALGOL]","[Unicon, Python, Goaldi]",1977,Icon (programming language)
51,AWK,"[C, sed, SNOBOL]","[Tcl, AMPL, Perl, Korn Shell, Lua]",1977,AWK
624,TeX,,,1978,TeX
76,C shell,,,1978,C shell
384,Modula-2,"[Modula, Mesa, Pascal, ALGOL W, Euclid]","[Modula-3, Oberon, Ada, Fortran 90, Lua, Seed7, Zonnon, Modula-GM]",1978,Modula-2
117,Control Language,"[Job Control Language, PL/I]","[Windows PowerShell]",1978,Control Language
141,dBase,,"[Clipper, WordTech products, Harbour. FoxBASE+, FoxPro, Visual FoxPro, VP-Info]",1979,dBase
535,Rexx,"[PL/I, ALGOL, EXEC, EXEC 2]","[NetRexx, Object REXX]",1979,Rexx
91,CHILL,"[COBOL, PL/1]",,1980,CHILL
579,SMALL,"[ALGOL]",,1980,SMALL
191,Fjölnir ,,,1980,Fjölnir (programming language)
166,Emerald ,"[Pascal, Simula, Smalltalk]","[Java, Singularity]",1980,Emerald (programming language)
209,Franz Lisp,"[Lisp, Maclisp, Common Lisp]","[Allegro Common Lisp]",1980,Franz Lisp
14,Ada ,"[ALGOL 68, Pascal, Simula 67, C++, Smalltalk, Modula-2, Java, Eiffel]","[C++, Chapel, Drago, D, Eiffel, Griffin, Java, Nim, ParaSail, PL/SQL, Python, Ruby, Seed7, VHDL]",1980,Ada (programming language)
148,Draco ,"[ALGOL 68, Pascal, C]",,1980,Draco (programming language)
359,Microsoft Macro Assembler,,,1981,Microsoft Macro Assembler
408,Nial,"[APL, Lisp]",,1981,Nial
294,Karel ,"[Pascal]","[Karel++, AgentSheets, Guido van Robot]",1981,Karel (programming language)
301,Kent Recursive Calculator,"[SASL]","[Miranda]",1981,Kent Recursive Calculator
275,Janus (time-reversible computing programming language),,,1982,Janus (time-reversible computing programming language)
526,Rapira,"[ALGOL, POP-2, SETL]",,1982,Rapira
615,T ,"[Scheme]","[EuLisp, Joule]",1982,T (programming language)
490,PostScript,"[Mesa, Interpress,  Lisp]","[PDF]",1982,PostScript
637,Turing ,"[Euclid, Pascal, SP/k]",,1982,Turing (programming language)
362,Maxima ,,,1982,Maxima (software)
354,Maple ,,,1982,Maple (software)
5,ABAP,"[Objective-C, COBOL, SQL]",,1983,ABAP
305,KornShell,,,1983,KornShell
11,Action! ,,,1983,Action! (programming language)
570,Superbase,,,1983,Superbase (database)
576,SISAL,"[VAL, Pascal, C, Fortran]","[Haskell, SAC]",1983,SISAL
431,occam ,"[Communicating sequential processes]","[Ease, Go, Python]",1983,occam (programming language)
581,Standard ML,"[ML, Hope, Pascal, Influenced, Elm, F#, F*, Haskell, OCaml, Python, Rust, Scala]","[Elm, F#, F*, Haskell, OCaml, Python, Rust, Scala]",1983,Standard ML
608,Superbase ,,,1983,Superbase (database)
499,Prograph,"[functional programming, dataflow diagrams]",,1983,Prograph
437,Open Programming Language,,,1984,Open Programming Language
502,PROMAL,"[C]",,1984,PROMAL
447,Orwell ,"[Miranda]","[Haskell]",1984,Orwell (programming language)
112,Common Lisp,"[Lisp, Lisp Machine Lisp, Maclisp, Scheme, Interlisp]","[Clojure, Dylan, Emacs Lisp, EuLisp, ISLISP, *Lisp, AutoLisp, Julia, Moose, R, SKILL, SubL]",1984,Common Lisp
428,Objective-C,"[C, Smalltalk]","[Groovy, Java, Nu, Objective-J, TOM, Swift]",1984,Objective-C
539,RPL ,"[RPN, Forth, Lisp]",,1984,RPL (programming language)
77,Caml,"[ML]","[OCaml]",1985,Caml
71,C++,"[Ada, ALGOL 68, BCPL, C, CLU, ML, Mesa, Modula-2, Simula, Smalltalk]","[Ada 95, C#, C99, Chapel, Clojure, D, Java, JS++, Lua, Nim, Objective-C++, Perl, PHP, Python, Rust, Seed7]",1985,C++
99,CLIPS,,,1985,CLIPS
98,Clipper ,,,1985,Clipper (programming language)
605,Stata,,,1985,Stata
165,Emacs Lisp,"[Common Lisp, Maclisp]",,1985,Emacs Lisp
34,AMPL,"[AWK, C]","[Pyomo]",1985,AMPL
377,Miranda ,"[KRC, ML, SASL, Hope]","[Clean, Haskell, Orwell, Microsoft Power Fx]",1985,Miranda (programming language)
470,CMS Pipelines,"[Pipeline ]",,1986,CMS Pipelines
262,IBM Informix-4GL,,,1986,IBM Informix-4GL
656,AutoLISP,"[Lisp, XLISP]",,1986,AutoLISP
169,Erlang ,"[Lisp, PLEX, Prolog, Smalltalk]","[Akka, Clojure, Dart, Elixir, F#, Opa, Oz, Reia, Rust, Scala, Go]",1986,Erlang (programming language)
244,CMS Pipelines,"[Pipeline ]",,1986,CMS Pipelines
49,AutoLISP,"[Lisp, XLISP]",,1986,AutoLISP
121,CorVision,"[Inform]",,1986,CorVision
308,LabVIEW,,,1986,LabVIEW
126,Csound,,,1986,Csound
139,Datalog,"[Prolog]",,1986,Datalog
161,Eiffel ,"[Ada, Simula, Z]","[Ada 2012, Albatross, C#, D, Java, Racket, Ruby, Sather, Scala]",1986,Eiffel (programming language)
630,Clarion ,,,1986,Clarion (programming language)
427,Object Pascal,"[Pascal, Simula, Smalltalk]","[C#, Genie, Java, Nim, C/AL]",1986,Object Pascal
96,Clarion ,,,1986,Clarion (programming language)
422,Oberon ,"[Modula-2]","[Oberon-2, Oberon-07, Active Oberon, Component Pascal, Zonnon, Go, Nim]",1987,Oberon (programming language)
564,Self ,"[Smalltalk, APL]","[NewtonScript, JavaScript, Io, Agora, Squeak, Lua, Factor, REBOL]",1987,Self (programming language)
461,Perl,"[AWK, BASIC, C, C++, Lisp, sed, Unix shell]","[CoffeeScript, Groovy, JavaScript, Julia, LPC, PHP, Python, Raku, Ruby, PowerShell]",1987,Perl
256,HyperTalk,"[Pascal]","[ActionScript, AppleScript, ECMAScript, JavaScript, Lingo, LiveCode, SenseTalk, SuperTalk]",1987,HyperTalk
97,Clean ,"[Lean, Miranda, Haskell]","[Haskell, Idris]",1987,Clean (programming language)
6,ABC ,"[SETL, ALGOL 68]","[Python]",1987,ABC (programming language)
72,C*,"[Lisp]",,1987,C*
664,Wolfram Language,"[APL, C, C++, FORTRAN, Lisp, Pascal, Prolog, Schoonschip, Simula, Smalltalk, SMP]","[Jupyter, Clojure, Julia"],1988,Wolfram Language
620,Tcl,"[AWK, Lisp]","[PHP, PowerShell, Tea]",1988,Tcl
426,Object REXX,"[Rexx, Smalltalk]","[NetRexx]",1988,Object REXX
466,PicoLisp,,,1988,PicoLisp
397,Napier88,"[ALGOL 60, S-algol, PS-algol]",,1988,Napier88
618,TADS,,,1988,TADS
242,Hamilton C shell,,,1988,Hamilton C shell
3,A+ ,"[APL]","[K]",1988,A+ (programming language)
385,Modula-3,"[ALGOL, Euclid, Mesa, Modula-2, Modula-2+, Oberon, Pascal]","[C#, Java, Nim, OCaml, Rust, Python]",1988,Modula-3
529,rc,"[Bourne shell]","[es, The Inferno shell.]",1989,rc
192,FL ,"[FP]",,1989,FL (programming language)
119,Coq,,,1989,Coq
566,SequenceL,,,1989,SequenceL
170,rc,"[Bourne shell]","[es, The Inferno shell]",1989,rc
56,Bash ,,,1989,Bash (Unix shell)
577,Cadence SKILL,"[Scheme, Common Lisp, CLOS]",,1990,Cadence SKILL
171,Escher      ,,,1990,Escher (programming language)
22,Aldor,"[A#, Pascal, Haskell]",,1990,Aldor
9,Rational Synergy,,,1990,Rational Synergy
688,Z shell,,,1990,Z shell
33,AMOS ,"[STOS BASIC]",,1990,AMOS (programming language)
245,Haskell,"[Clean, FP, Gofer, Hope and Hope+, Id, ISWIM, KRC, Lisp, Miranda, ML and Standard ML, Orwell, SASL, Scheme, SISAL]","[Agda, Bluespec, C++11/Concepts, C#/LINQ, CAL, Cayenne, Clean, Clojure, CoffeeScript, Curry, Elm, Epigram, Escher, F#, Hack, Idris, Isabelle, Java/Generics, LiveScript, Mercury, Ωmega, PureScript, Python, Raku, Rust, Scala, Swift, Visual Basic 9]",1990,Haskell
555,Sather,"[Eiffel, CLU, Common Lisp, Scheme]","[Cool]",1990,Sather
274,Janus (concurrent constraint programming language),,,1990,Janus (concurrent constraint programming language)
268,J ,"[APL]","[NumPy, SuperCollider]",1990,J (programming language)
137,Darwin ,"[Maple]",,1991,Darwin (programming language)
154,Ease ,"[occam]",,1991,Ease (programming language)
492,POV-Ray,,,1991,POV-Ray
650,Vim     ,,,1991,Vim (text editor)
404,newLISP,"[C, Common Lisp, Perl, Scheme]",,1991,newLISP
512,Python ,"[ABC, Ada, ALGOL 68, APL, C, C++, CLU, Dylan, Haskell, Icon, Lisp, Modula-3, Perl, Standard ML, Influenced, Apache Groovy, Boo, Cobra, CoffeeScript, D, F#, Genie, Go, JavaScript, Julia, Nim, Ring, Ruby, Swift]","[Apache Groovy, Boo, Cobra, CoffeeScript, D, F#, Genie, Go, JavaScript, Julia, Nim, Ring, Ruby, Swift]",1991,Python (programming language)
222,GNU E,"[C++]",,1991,GNU E
449,Oz ,"[Erlang, Lisp, Prolog]","[Alice, Scala]",1991,Oz (programming language)
296,KiXtart,,,1991,KiXtart
116,Constraint Handling Rules,"[Prolog]",,1991,Constraint Handling Rules
446,Oriel ,,,1991,Oriel (scripting language)
82,Cecil ,,"[Diesel]",1992,Cecil (programming language)
150,Dylan ,"[CLOS, ALGOL, Scheme, EuLisp]","[Lasso, Python, Ruby,Julia]",1992,Dylan (programming language)
227,Gödel ,,,1992,Gödel (programming language)
565,SenseTalk,"[xTalk, HyperTalk]",,1992,SenseTalk
506,ProvideX,"[Business Basic]",,1992,ProvideX
494,PowerBuilder,,,1992,PowerBuilder
23,Alef ,"[C, Newsqueak]","[Limbo, Rust, Go]",1992,Alef (programming language)
41,AppleScript,"[HyperTalk]",,1993,AppleScript
407,NewtonScript,"[Self, Dylan]","[Io]",1993,NewtonScript
521,R ,"[Lisp, S, Scheme]","[Julia]",1993,R (programming language)
429,Obliq,"[Modula-3, Self, Oberon]",,1993,Obliq
433,GNU Octave,,,1993,GNU Octave
400,NESL,,,1993,NESL
86,CFEngine,,,1993,CFEngine
695,ZPL ,"[C]","[Chapel]",1993,ZPL (programming language)
339,Lua ,"[C++, CLU, Modula, Scheme, SNOBOL]","[GameMonkey, Io, JavaScript, Julia, MiniD, Red, Ring, Ruby, Squirrel, MoonScript, C--]",1993,Lua (programming language)
292,K ,"[A+, APL, Scheme]","[Q, Shakti]",1993,K (programming language)
177,Euphoria ,"[BASIC]","[Phix]",1993,Euphoria (programming language)
223,GNU Guile,"[Lisp, Scheme, SCM]",,1993,GNU Guile
525,RAPID,"[ARLA, C]",,1994,RAPID
445,ORCA/Modula-2,,,1994,ORCA/Modula-2
95,Claire ,"[Smalltalk, SETL, OPS5, Lisp, ML, C]",,1994,Claire (programming language)
94,Cilk,"[C]",,1994,Cilk
277,Java ,"[CLU, Simula67, Lisp, Smalltalk, Ada 83, C++, C#, Eiffel, Mesa, Modula-3, Oberon, Objective-C, UCSD Pascal, Object Pascal]","[Ada 2005, BeanShell, C#, Chapel, Clojure, ECMAScript, Fantom, Gambas, Groovy, Hack, Haxe, J#, Kotlin, PHP, Python, Scala, Seed7, Vala, JavaScript, JS++]",1995,Java (programming language)
391,mIRC scripting language,,,1995,mIRC scripting language
279,JavaScript,"[Java, Scheme, Self, AWK, HyperTalk]","[ActionScript, AssemblyScript, CoffeeScript, Dart, Haxe, JS++, Objective-J, Opa, TypeScript]",1995,JavaScript
108,Adobe ColdFusion,,,1995,Adobe ColdFusion
318,Limbo ,"[C, Pascal, CSP, Alef, Newsqueak]","[Stackless Python, Go, Rust]",1995,Limbo (programming language)
523,Racket ,"[Eiffel, Scheme]","[Clojure, Rust,Scheme]",1995,Racket (programming language)
368,Mercury ,"[Prolog, Hope, Haskell]",,1995,Mercury (programming language)
311,Lasso ,"[Dylan, Smalltalk, Scala]",,1995,Lasso (programming language)
464,PHP,"[Perl, HTML, C, C++, Java, Tcl, JavaScript, Hack]","[Hack, JSP, ASP]",1995,PHP
542,Ruby ,"[Ada, Basic, C++, CLU, Dylan, Eiffel, Lisp, Lua, Perl, Python, Smalltalk]","[Clojure, CoffeeScript, Crystal, D, Elixir, Groovy, Ioke, Julia, Mirah, Nu, Ring, Rust, Swift]",1995,Ruby (programming language)
317,LilyPond,,,1996,LilyPond
285,Joule ,"[Concurrent Logic Programming, Actors]","[E]",1996,Joule (programming language)
90,Charm ,"[RTL/2, C, Pascal]",,1996,Charm (programming language)
684,Yorick ,,,1996,Yorick (programming language)
174,Etoys ,"[Logo, Smalltalk, HyperCard, StarLogo, AgentSheets]","[Tweak, Croquet, Scratch]",1996,Etoys (programming language)
599,Squeak,"[Smalltalk, Lisp, Logo; Sketchpad, Simula; Self, Influenced, Etoys, Tweak, Croquet, Scratch]","[Etoys, Tweak, Croquet, Scratch]",1996,Squeak
462,Perl Data Language,"[APL, IDL, Perl]",,1996,Perl Data Language
403,NetRexx,"[PL/I, REXX, ooREXX, Java]",,1996,NetRexx
518,QuakeC,"[C]",,1996,QuakeC
430,OCaml,"[C, Caml, Modula-3, Pascal, Standard ML]","[ATS, Coq, Elm, F#, F*, Haxe, Opa, Rust, Scala]",1996,OCaml
288,JScript,,,1996,JScript
396,Netwide Assembler,,,1996,Netwide Assembler
365,Autodesk 3ds Max,,,1996,Autodesk 3ds Max
149,DRAKON,"[PROL2, DIPOL, LAKS]","[QReal DSM platform]",1996,DRAKON
378,MIVA Script,"[C, Perl, Java, C++]",,1996,MIVA Script
118,Cool ,"[Java, ML, Pascal, Sather]",,1996,Cool (programming language)
609,SuperCollider,,,1996,SuperCollider
30,Alma-0,"[Modula-2]",,1997,Alma-0
153,E ,"[Joule, Original-E, Java]","[Pony]",1997,E (programming language)
75,Caché ObjectScript,"[MUMPS]",,1997,Caché ObjectScript
70,C--,"[C]",,1997,C--
381,Modelica,,,1997,Modelica
621,Tea ,"[Tcl, Java, Scheme]",,1997,Tea (programming language)
531,Rebol,"[Self, Forth, Lisp, Logo]","[JSON, Red]",1997,Rebol
465,Pico ,"[Scheme]",,1997,Pico (programming language)
114,Component Pascal,"[Pascal, Oberon, Oberon-2]",,1997,Component Pascal
324,LISA ,,,1997,LISA (Language for Instruction Set Architecture)
158,ECMAScript,"[Self, HyperTalk, AWK, C, CoffeeScript, Perl, Python, Java, Scheme]",,1997,ECMAScript
682,XSLT,"[DSSSL]",,1998,XSLT
332,Logtalk,"[Prolog, Smalltalk, Objective-C]",,1998,Logtalk
12,ActionScript,"[JavaScript, Java]","[Haxe]",1998,ActionScript
382,Malbolge,"[Brainfuck,  INTERCAL, Befunge]","[Dis, Malbolge Unshackled]",1998,Malbolge
128,Curl ,"[HTML, JavaScript, Lisp]",,1998,Curl (programming language)
243,Harbour ,"[dBase, Clipper]","[xHarbour]",1999,Harbour (programming language)
402,NetLogo,"[Logo, StarLogo]",,1999,NetLogo
61,BeanShell,"[Java, JavaScript, Perl]",,1999,BeanShell
212,GameMaker,,,1999,GameMaker
48,AutoIt,"[BASIC]",,1999,AutoIt
675,XOTcl,"[Tcl, OTcl]",,2000,XOTcl
73,C Sharp ,"[C++, Eiffel, F#, Haskell,  Scala, Icon, J#, J++, Java, ML, Modula-3, Object Pascal, VB]","[Chapel, Clojure, Crystal, D, J#, Dart, F#, Hack, Java, Kotlin, Nemerle, Oxygene, Rust, Swift, Vala, TypeScript]",2000,C Sharp (programming language)
456,Pascal Script,"[Pascal, Object Pascal]",,2000,Pascal Script
686,Yoix,"[C, Java, PostScript]",,2000,Yoix
416,Nullsoft Scriptable Install System,,,2000,Nullsoft Scriptable Install System
29,Alice ,"[ML, Oz]",,2000,Alice (programming language)
283,Join Java,"[Java]",,2000,Join Java
135,D ,"[C, C++, C#, Eiffel, Java, Python]","[Genie, MiniD, Qore, Swift, Vala, C++11, C++14, C++17, C++20, Go, C#]",2001,D (programming language)
337,LiveCode,,,2001,LiveCode
88,Ch ,,,2001,Ch (computer programming)
635,LiveCode,,,2001,LiveCode
226,Game Oriented Assembly Lisp,"[Lisp, Scheme]",,2001,Game Oriented Assembly Lisp
291,Jython,,,2001,Jython
497,Processing,,,2001,Processing
287,Joy ,"[Scheme, FP, Forth]","[Factor, Cat, V, Trith]",2001,Joy (programming language)
498,Processing,,,2001,Processing
603,StarLogo,"[Logo, Influenced, NetLogo, Etoys]","[NetLogo, Etoys]",2001,StarLogo
269,Visual J Sharp,"[Java and Visual J++]",,2002,Visual J Sharp
258,Io ,"[Smalltalk, NewtonScript, Self, Lua, Lisp, Python, Act1]","[Ioke, Potion]",2002,Io (programming language)
250,Hollywood ,,,2002,Hollywood (programming language)
188,FAUST ,,,2002,FAUST (programming language)
582,Strongtalk,"[Smalltalk, Self, Influenced, Java HotSpot]","[Java HotSpot]",2002,Strongtalk
131,Cyclone ,"[C]","[Rust, Project Verona]",2002,Cyclone (programming language)
418,NWScript,"[C, Java]",,2002,NWScript
186,Factor ,"[Joy, Forth, Lisp, Self]",,2003,Factor (programming language)
556,Sawzall ,,,2003,Sawzall (programming language)
399,Nemerle,"[C#, Lisp, ML]",,2003,Nemerle
36,AngelScript,"[C++]",,2003,AngelScript
560,Scratch ,"[Logo, Smalltalk, HyperCard, StarLogo, AgentSheets, AgentCubes, Etoys]","[Catrobat,
ScratchJr, Snap!, mBlock, Turtlestitch]",2003,Scratch (programming language)
412,Nix ,,,2003,Nix (package manager)
93,ChucK,,,2003,ChucK
513,Q,"[A+, APL, Scheme, k]",,2003,Q (programming language from Kx Systems)
237,Apache Groovy,"[Java, Python, Ruby, Smalltalk]","[Kotlin]",2003,Apache Groovy
225,Go! ,"[Prolog]",,2003,Go! (programming language)
336,Second Life,,,2003,Second Life
47,AutoHotkey,,,2003,AutoHotkey
600,Squirrel ,"[C++, JavaScript, Lua, Python, Influenced, MiniD]","[MiniD]",2003,Squirrel (programming language)
66,Boo ,"[C#, Python]","[Genie, Vala]",2003,Boo (programming language)
329,Little b ,"[Lisp]",,2004,Little b (programming language)
157,eC ,"[C, C++, Python]",,2004,eC (programming language)
167,Epigram ,"[ALF]","[Agda, Idris]",2004,Epigram (programming language)
168,Easy Programming Language,,,2004,Easy Programming Language
1,A Sharp,,,2004,A Sharp (.NET)
667,X10 ,"[C++, Java]",,2004,X10 (programming language)
557,Scala ,"[Common Lisp, Eiffel, Erlang, F#, Haskell, Java, OCaml, Oz, Pizza, Scheme, Smalltalk, Standard ML]","[Ceylon, Chisel, Fantom, F#, C#, Kotlin, Lasso, Red, Flix]",2004,Scala (programming language)
444,Orc ,"[Haskell, ML, Oz, Smalltalk, Pict]",,2004,Orc (programming language)
511,PWCT,,,2005,PWCT
563,Seed7,"[Pascal, Modula-2, Ada, ALGOL 68, C, C++, Java]",,2005,Seed7
251,TempleOS,,,2005,TempleOS
486,PLEXIL,,,2005,PLEXIL
246,Haxe,"[EcmaScript, OCaml, Java, JavaScript, C++, PHP, C#, Python, Lua, ActionScript, NekoVM]",,2005,Haxe
190,fish ,,,2005,fish (Unix shell)
184,F Sharp ,"[C#, Erlang, Haskell, ML, OCaml, Python, Scala]","[C#, Elm, F*, LiveScript]",2005,F Sharp (programming language)
398,NekoVM,,,2005,NekoVM
187,Fantom ,"[C#, Java, Scala, Ruby, Erlang]",,2005,Fantom (programming language)
448,Oxygene ,"[Delphi's Object Pascal, C#]",,2005,Oxygene (programming language)
649,Vala ,"[C, C++, C#, D, Java, Boo]",,2006,Vala (programming language)
106,Cobra ,"[Python, Eiffel, C#, Objective-C]",,2006,Cobra (programming language)
206,Fortress ,"[Fortran, Scala, Haskell]",,2006,Fortress (programming language)
443,OptimJ,"[Java]",,2006,OptimJ
406,Newspeak ,"[Smalltalk, Self, BETA, E, Nineteen Eighty-Four]",,2006,Newspeak (programming language)
252,Hop ,"[Scheme]",,2006,Hop (software)
31,AmbientTalk,"[Smalltalk, Self, Scheme, E, ABCL]","[ECMAScript Harmony]",2006,AmbientTalk
495,PowerShell,"[Python, Ksh, Perl, C#, CL, DCL, SQL, Tcl, Tk, Chef, Puppet]",,2006,PowerShell
613,Swift,"[C syntax, functional programming]","[Cuneiform]",2007,Swift (parallel scripting language)
679,XQuery,"[XPath, SQL, XSLT]",,2007,XQuery
327,Lite-C,,,2007,Lite-C
236,Grasshopper 3D,,,2007,Grasshopper 3D
182,Ezhil ,"[Logo, BASIC, Python]",,2007,Ezhil (programming language)
133,Cython,"[C, Python]",,2007,Cython
101,Clojure,"[C#, C++, Common Lisp, Erlang, Haskell, Java, ML, Prolog, Racket, Ruby, Scheme, Wolfram Language]","[Elixir, Hy, LFE, Pixie, Rhine]",2007,Clojure
417,Nu ,"[Lisp, Objective-C, Ruby]",,2007,Nu (programming language)
265,Idris ,"[Agda, Clean, Coq, Epigram, F#, Haskell, ML, Rust]",,2007,Idris (programming language)
18,Agda ,"[Coq, Epigram, Haskell]","[Idris]",2007,Agda (programming language)
520,.QL,"[Datalog]",,2007,.QL
43,Arc ,"[Lisp, Scheme]",,2008,Arc (programming language)
218,Genie ,"[Python, Boo, D, Object Pascal]",,2008,Genie (programming language)
37,Apache Pig,,,2008,Apache Pig
644,Umple,"[Java, C++, UML, Ruby, PHP]",,2008,Umple
67,Boomerang ,"[OCaml]","[XSLT]",2008,Boomerang (programming language)
411,Nim ,"[Ada, Modula-3, Lisp, C++, Object Pascal, Python, Oberon, Rust]",,2008,Nim (programming language)
457,PCASTL,"[C, R]",,2008,PCASTL
508,Pure ,"[Q, Haskell, Lisp, Alice, MATLAB]",,2008,Pure (programming language)
463,Pharo,"[Smalltalk]",,2008,Pharo
107,CoffeeScript,"[Haskell, JavaScript, Perl, Python, Ruby, YAML]","[MoonScript, LiveScript, JavaScript]",2009,CoffeeScript
230,Google Apps Script,,,2009,Google Apps Script
306,Kodu Game Lab,,,2009,Kodu Game Lab
224,Go ,"[C, Oberon-2, Limbo, Active Oberon, communicating sequential processes, Pascal, Oberon, Smalltalk, Newsqueak, Modula-2, Alef, APL, BCPL, Modula, occam]","[Odin, Crystal, Zig]",2009,Go (programming language)
211,F-Script ,"[Smalltalk, APL]",,2009,F-Script (programming language)
453,ParaSail ,"[Modula, Ada, Pascal, ML]","[Nim]",2009,ParaSail (programming language)
438,OpenCL,,,2009,OpenCL
89,Chapel ,"[Ada, C#, C, Fortran, C++, Java, HPF, ZPL]",,2009,Chapel (programming language)
52,Axum ,,,2009,Axum (programming language)
543,Rust ,"[Alef, C#, C++, Cyclone, Erlang, Haskell, Limbo, Newsqueak, OCaml, Ruby, Scheme, Standard ML, Swift]","[Idris, Spark, Swift, Project Verona, Zig]",2010,Rust (programming language)
40,App Inventor for Android,,,2010,App Inventor for Android
299,Kojo,"[Logo, Processing]",,2010,Kojo (learning environment)
79,Catrobat,"[Scratch ]",,2010,Catrobat
662,Whiley ,"[Java, C, Python, Rust]",,2010,Whiley (programming language)
136,Dart ,"[C, C++, C#, Erlang, Java, JavaScript, Ruby, Smalltalk, Strongtalk, TypeScript]",,2011,Dart (programming language)
683,Xtend,"[Java, Scala, Groovy, Smalltalk, Xpand]",,2011,Xtend
85,Ceylon ,"[Java, Scala, Smalltalk, ML, Lisp, Whiley]",,2011,Ceylon (programming language)
532,Red ,"[Rebol, Scala, Lua]",,2011,Red (programming language)
338,LiveScript ,"[JavaScript, Haskell, CoffeeScript, F#]",,2011,LiveScript (programming language)
583,Snap! ,"[Scratch, Scheme, Logo, Smalltalk, Influenced, BeetleBlocks, NetsBlox, Dragme IDE, Turtlestitch]","[BeetleBlocks, NetsBlox, Dragme IDE, Turtlestitch]",2011,Snap! (programming language)
300,Kotlin ,"[C#EiffelGosuGroovyJavaJavaScriptMLPythonScala]",,2011,Kotlin (programming language)
435,Opa ,"[OCaml, Erlang, JavaScript]",,2011,Opa (programming language)
307,Kivy ,,,2011,Kivy (framework)
163,Elixir ,"[Clojure, Erlang, Ruby]","[LFE]",2012,Elixir (programming language)
164,Elm ,"[Haskell, Standard ML, OCaml, F#]","[Redux, Vue]",2012,Elm (programming language)
290,Julia ,"[C, Dylan, Lisp, Lua, Wolfram Language, MATLAB, Perl, Python, R, Ruby, Scheme]",,2012,Julia (programming language)
450,P ,,,2012,P (programming language)
347,M Sharp,,,2012,M Sharp
228,Golo ,,,2012,Golo (programming language)
64,Blockly,,,2012,Blockly
515,Qalb ,"[Scheme]",,2012,Qalb (programming language)
241,Halide ,,,2012,Halide (programming language)
640,TypeScript,"[C#, Java, JavaScript, ActionScript]","[AtScript, AssemblyScript]",2012,TypeScript
510,PureScript,"[Haskell, JavaScript]",,2013,PureScript
451,P4 ,,,2013,P4 (programming language)
257,Hy,"[Kawa, Clojure, Common Lisp]",,2013,Hy
693,Zonnon,"[Oberon, Pascal]",,2013,Zonnon
127,Cuneiform ,"[Swift]",,2013,Cuneiform (programming language)
314,Lean ,"[MLCoqHaskell]",,2013,Lean (proof assistant)
125,Crystal ,"[Ruby, C, Rust, Go, C#, Python]",,2014,Crystal (programming language)
238,Hack ,"[PHP, OCaml, Java, C#, Scala, Haskell]",,2014,Hack (programming language)
210,Futhark ,"[APL, Haskell, NESL, Standard ML]",,2014,Futhark (programming language)
612,Swift ,"[Objective-C, Rust, Haskell, Ruby, Python, C#, CLU, D]","[Rust]",2014,Swift (programming language)
217,Godot ,,,2014,Godot (game engine)
524,Raku ,"[Perl, Ruby, Smalltalk, Haskell, JavaScript]","[Perl, Haskell, AntLang]",2015,Raku (programming language)
567,Ethereum,,,2015,Ethereum
651,Ethereum,,,2015,Ethereum
394,Ethereum,,,2015,Ethereum
330,Ethereum,,,2015,Ethereum
692,Zig ,"[C, C++, LLVM IR, Go, Rust, JavaScript]",,2016,Zig (programming language)
676,XOD ,,,2016,XOD (programming language)
530,Reason ,,,2016,Reason (programming language)
536,Ring ,"[Lua, Python, Ruby, C, C#, BASIC, QML, xBase, Supernova]","[SimpleLang, DragonLang ]",2016,Ring (programming language)
514,Q Sharp,"[C#, F#, Python]",,2017,Q Sharp
590,Source ,"[JavaScript, Scheme]",,2017,Source (programming language)
55,Ballerina ,"[Java, Javascript, Go, Rust, C#]",,2017,Ballerina (programming language)
660,WebAssembly,"[asm.jsPNaCl]",,2017,WebAssembly
68,Bosque ,"[JavaScript, TypeScript, ML]",,2019,Bosque (programming language)
500,Project Verona,"[Rust, Cyclone, Pony]",,2019,Project Verona
372,Microsoft Power Fx,"[Excel functions, Excel macros, Pascal, Mathematica, Miranda]",,2021,Microsoft Power Fx
2,A-0 System,,,,A-0 System
4,A++,,,,A++
7,ABC ALGOL,,,,ABC ALGOL
8,ACC ,,,,ACC (programming language)
10,Distributed Application Specification Language,,,,Distributed Application Specification Language
13,Actor ,,,,Actor (programming language)
15,ISO/IEC 8652,,,,ISO/IEC 8652
16,Haystack ,,,,Haystack (MIT project)
17,AdvPL,"[xBase]",,,AdvPL
19,Keysight VEE,,,,Keysight VEE
20,Agora ,,,,Agora (programming language)
21,AIMMS,,,,AIMMS
24,Algebraic Logic Functional programming language,,,,Algebraic Logic Functional programming language
32,Amiga E,,,,Amiga E
38,Salesforce,,,,Salesforce
44,ARexx,,,,ARexx
45,Argus ,,,,Argus (programming language)
50,Averest,,,,Averest
58,Batch file,,,,Batch file
62,BETA ,"[Simula]",,,BETA (programming language)
65,BlooP and FlooP,,,,BlooP and FlooP
74,C/AL,"[Pascal]",,,C/AL
78,Carbon ,"[C++, Rust]",,,Carbon (programming language)
80,Lennart Augustsson,,,,Lennart Augustsson
81,CDuce,,,,CDuce
83,CESIL,,,,CESIL
84,Céu ,,,,Céu (programming language)
87,Cg ,"[C]","[GLSL]",,Cg (programming language)
92,CHIP-8,,,,CHIP-8
100,CLIST,,,,CLIST
105,CobolScript,,,,CobolScript
111,Common Intermediate Language,,,,Common Intermediate Language
113,COMPASS,,,,COMPASS
124,Cryptol,,,,Cryptol
129,Curry ,"[Haskell and Prolog]",,,Curry (programming language)
130,Cybil ,,,,Cybil (programming language)
132,Cypher ,,,,Cypher (query language)
134,CEEMAC,,,,CEEMAC
138,DataFlex,,,,DataFlex
140,DATATRIEVE,,,,DATATRIEVE
142,dc ,,,,dc (computer program)
143,DIGITAL Command Language,,"[Windows PowerShell]",,DIGITAL Command Language
144,Delphi ,,,,Delphi (software)
146,Dink Smallwood,,,,Dink Smallwood
147,Sepandar Kamvar,,,,Sepandar Kamvar
151,DYNAMO ,,,,DYNAMO (programming language)
152,Data Analysis Expressions,,,,Data Analysis Expressions
156,Easytrieve,,,,Easytrieve
160,EGL ,,,,EGL (programming language)
173,Esterel,,,,Esterel
178,EusLisp Robot Programming Language,,,,EusLisp Robot Programming Language
179,CMS EXEC,,,,CMS EXEC
180,EXEC 2,,,,EXEC 2
181,Executable UML,,,,Executable UML
183,F ,"[Fortran 95]",,,F (programming language)
185,F* ,"[Coq, Dafny, F#, Lean, OCaml, Standard ML]",,,F* (programming language)
193,FlagShip,,,,FlagShip
194,Flavors ,,,,Flavors (programming language)
195,Flex ,,,,Flex (programming language)
196,Flix ,"[F#, Go, Haskell, OCaml, Scala]",,,Flix (programming language)
197,BlooP and FlooP,,,,BlooP and FlooP
200,FOCUS,,,,FOCUS
201,FOIL ,,,,FOIL (programming language)
202,FORMAC,,,,FORMAC
203,Formula language,,,,Formula language
208,FoxPro,,,,FoxPro
213,GameMonkey Script,,,,GameMonkey Script
214,General algebraic modeling system,,,,General algebraic modeling system
215,GAP ,,,,GAP (computer algebra system)
219,Geometric Description Language,,,,Geometric Description Language
220,GEORGE ,,,,GEORGE (programming language)
221,OpenGL Shading Language,,,,OpenGL Shading Language
231,Gosu ,"[Java, C#]","[Kotlin]",,Gosu (programming language)
232,IBM 1620,,,,IBM 1620
233,GPSS,,,,GPSS
234,Computer Sciences Corporation,,,,Computer Sciences Corporation
235,GRASS ,,,,GRASS (programming language)
239,Haggis ,,,,Haggis (programming language)
240,HAL/S,,,,HAL/S
247,Hermes ,,,,Hermes (programming language)
248,High Level Assembly,,,,High Level Assembly
249,High-Level Shader Language,,,,High-Level Shader Language
253,Hopscotch ,,,,Hopscotch (programming language)
254,Hope ,,,,Hope (programming language)
255,Hume ,,,,Hume (programming language)
260,IBM Basic Assembly Language and successors,,,,IBM Basic Assembly Language and successors
261,IBM HAScript,,,,IBM HAScript
266,Inform,,,,Inform
267,ISLISP,"[Common Lisp, EuLisp, Le Lisp, Scheme]",,,ISLISP
270,Visual J++,,,,Visual J++
271,JADE ,,,,JADE (programming language)
272,Jonathan Blow,,,,Jonathan Blow
273,JAL ,,,,JAL (compiler)
276,Warcraft III: Reign of Chaos,,,,Warcraft III: Reign of Chaos
278,JavaFX Script,,,,JavaFX Script
280,Jess ,,,,Jess (programming language)
281,Job Control Language,,,,Job Control Language
282,JEAN,,,,JEAN
289,JScript .NET,"[JScript, ECMAScript]",,,JScript .NET
293,Kaleidoscope ,,,,Kaleidoscope (programming language)
295,IntelliCorp ,,,,IntelliCorp (software)
297,Klerer–May System,,,,Klerer–May System
298,Knowledge Interchange Format,,,,Knowledge Interchange Format
303,KUKA Robot Language,"[Pascal]",,,KUKA Robot Language
304,KL-ONE,,,,KL-ONE
309,Ladder logic,,,,Ladder logic
310,LANSA ,,,,LANSA (development environment)
312,Lava ,,,,Lava (programming language)
313,Little Computer 3,,,,Little Computer 3
315,Lego Mindstorms,,,,Lego Mindstorms
316,Little Implementation Language,,,,Little Implementation Language
319,Limnor,,,,Limnor
320,LINC 4GL,,,,LINC 4GL
321,Lingo ,,,,Lingo (programming language)
322,Language Integrated Query,"[SQL, Haskell]",,,Language Integrated Query
323,LIS ,,,,LIS (programming language)
328,Lithe,,,,Lithe
333,LotusScript,,,,LotusScript
334,LPMud,,,,LPMud
335,LSE ,,,,LSE (programming language)
341,Lustre ,,,,Lustre (programming language)
343,Lynx ,,,,Lynx (programming language)
344,Power Query,,,,Power Query
345,M2001,,,,M2001
348,Machine code,,,,Machine code
351,Magik ,,,,Magik (programming language)
352,Magma ,,,,Magma (computer algebra system)
353,Máni,,,,Máni
355,MAPPER,,,,MAPPER
356,MARK IV ,,,,MARK IV (software)
361,Maude system,,,,Maude system
363,Macsyma,,,,Macsyma
364,Max ,,,,Max (software)
366,Maya Embedded Language,,,,Maya Embedded Language
370,MHEG-5,,,,MHEG-5
371,Microassembler,,,,Microassembler
373,MIIS ,,,,MIIS (programming language)
374,Milk ,,,,Milk (programming language)
375,MIMIC,,,,MIMIC
376,Mirah ,"[Ruby, Java, Boo]",,,Mirah (programming language)
380,Model 204,,,,Model 204
386,System programming language,,,,System programming language
387,MOO,,,,MOO
388,Mortran,,,,Mortran
389,Mouse ,,,,Mouse (programming language)
390,MPD ,,,,MPD (programming language)
393,MuPAD,,,,MuPAD
395,Mystic BBS,,,,Mystic BBS
401,Net.Data,,,,Net.Data
405,NEWP,"[ALGOL, Executive Systems Problem Oriented Language]",,,NEWP
409,Keith Packard,,,,Keith Packard
410,Keith Packard,,,,Keith Packard
414,Not eXactly C,,,,Not eXactly C
415,Not Quite C,,,,Not Quite C
419,Lego Mindstorms NXT,,,,Lego Mindstorms NXT
420,o:XML,,,,o:XML
421,Oak ,,,,Oak (programming language)
423,OBJ ,,,,OBJ (programming language)
424,Object Lisp,,,,Object Lisp
432,occam-π,"[occam]",,,occam-π
434,OmniMark,,,,OmniMark
436,Opal ,,,,Opal (programming language)
439,OpenEdge Advanced Business Language,,,,OpenEdge Advanced Business Language
440,OpenVera,,,,OpenVera
441,OpenQASM,,,,OpenQASM
442,OPS5,,,,OPS5
454,PARI/GP,,,,PARI/GP
458,Programming Computable Functions,,,,Programming Computable Functions
459,PEARL ,,,,PEARL (programming language)
460,PeopleCode,,,,PeopleCode
467,Pict ,"[ML]","[Orc, Nomadic Pict]",,Pict (programming language)
468,MUD,,,,MUD
469,PILOT,,,,PILOT
471,Pizza ,"[Java]","[Generic Java, Scala]",,Pizza (programming language)
472,PL-11,,,,PL-11
473,PL/0,,,,PL/0
478,PL/P,,,,PL/P
479,IBM PL/S,,,,IBM PL/S
480,PL/SQL,,,,PL/SQL
482,PLANC,"[Nord Programming Language]",,,PLANC
488,POP-11,,,,POP-11
489,POP-2,,,,POP-2
491,Amiga E,,,,Amiga E
493,PowerHouse ,,,,PowerHouse (programming language)
496,Polymorphic Programming Language,,,,Polymorphic Programming Language
503,Promela,,,,Promela
504,PROSE modeling language,,,,PROSE modeling language
505,Protel,,,,Protel
507,Pro*C,,,,Pro*C
509,Pure Data,,,,Pure Data
516,Quantum Computation Language,,,,Quantum Computation Language
517,QtScript,,,,QtScript
519,Quantum programming,,,,Quantum programming
522,R++,,,,R++
533,Core War,,,,Core War
537,ROOP ,,,,ROOP (programming language)
540,Robot Battle,,,,Robot Battle
545,LiveJournal,,,,LiveJournal
546,S3 ,"[ALGOL 68]",,,S3 (programming language)
547,S-Lang,,,,S-Lang
548,S-PLUS,,,,S-PLUS
549,SA-C ,,,,SA-C (programming language)
550,SabreTalk,,,,SabreTalk
551,SAIL ,,,,SAIL (programming language)
552,SAKO ,,,,SAKO (programming language)
559,Scilab,,,,Scilab
561,Script.NET,"[JavaScript]",,,Script.NET
571,SIGNAL ,,,,SIGNAL (programming language)
572,SiMPLE,,,,SiMPLE
573,SIMSCRIPT,,,,SIMSCRIPT
575,Simulink,,,,Simulink
578,SLIP ,,,,SLIP (programming language)
585,SPITBOL,,,,SPITBOL
586,Snowball ,,,,Snowball (programming language)
587,Secure Operations Language,,,,Secure Operations Language
588,Solidity,"[JavaScript, C++, Python]",,,Solidity
589,SOPHAEROS,,,,SOPHAEROS
591,SPARK ,"[Ada, Eiffel]",,,SPARK (programming language)
592,Speakeasy       ,,,,Speakeasy (computational environment)
594,Parallax Propeller,,,,Parallax Propeller
596,IBM 1401 Symbolic Programming System,,,,IBM 1401 Symbolic Programming System
598,SQR,,,,SQR
601,SR ,,,,SR (programming language)
602,S/SL programming language,,,,S/SL programming language
604,Strand ,,,,Strand (programming language)
606,Stateflow,,,,Stateflow
607,Subtext ,,,,Subtext (programming language)
611,SuperTalk,,,,SuperTalk
614,SYMPL,,,,SYMPL
616,TACL,,,,TACL
617,TACPOL ,,,,TACPOL (programming language)
619,Transaction Application Language,,,,Transaction Application Language
625,Text Executive Programming Language,,,,Text Executive Programming Language
626,Tensilica Instruction Extension,,,,Tensilica Instruction Extension
628,Tom ,,,,Tom (pattern matching language)
629,Toi ,,,,Toi (programming language)
631,DEC Text Processing Utility,,,,DEC Text Processing Utility
634,Transact-SQL,,,,Transact-SQL
636,TTCN,,,,TTCN
639,TXL ,,,,TXL (programming language)
641,Tynker,,,,Tynker
642,Ubercode,,,,Ubercode
645,Unicon ,"[Icon]",,,Unicon (programming language)
646,Uniface ,,,,Uniface (programming language)
647,UNITY ,,,,UNITY (programming language)
648,Unreal Engine,,,,Unreal Engine
652,DataFlex,,,,DataFlex
653,Visual DialogScript,,,,Visual DialogScript
654,Visual FoxPro,,,,Visual FoxPro
655,Visual J++,,,,Visual J++
657,Visual Objects,,,,Visual Objects
658,Visual Prolog,,,,Visual Prolog
659,WATFIV,,,,WATFIV
661,WebDNA,,,,WebDNA
663,Winbatch,,,,List of programming languages by type
665,Wyvern ,,,,Wyvern (programming language)
666,Microsoft Dynamics AX,,,,Microsoft Dynamics AX
668,XBase++,,,,XBase++
669,XBL,,,,XBL
670,XMOS,,,,XMOS
671,XMOS,,,,XMOS
672,xHarbour,,,,xHarbour
673,Christophe de Dinechin,,,,Christophe de Dinechin
674,Xojo,,,,Xojo
677,XPL,,,,XPL
678,XPL0,,,,XPL0
680,XSB,"[Prolog, PSB-Prolog, SB-Prolog]",,,XSB
681,XSharp,,,,XSharp
685,Yahoo! Query Language,,,,Yahoo! Query Language
687,Z notation,,,,Z notation
689,Zebra Programming Language,"[ANSI BASIC]",,,Zebra Programming Language
690,Zeno ,,,,Zeno (programming language)
694,ZOPL,,,,ZOPL
696,Z++,,,,Z++
